{"stats":{"minecraft:used":{"minecraft:crafting_table":1,"minecraft:wooden_pickaxe":4},"minecraft:crafted":{"minecraft:oak_planks":28,"minecraft:crafting_table":1,"minecraft:stick":8,"minecraft:wooden_pickaxe":1},"minecraft:custom":{"minecraft:time_since_rest":4505,"minecraft:play_time":4505,"minecraft:sprint_one_cm":11633,"minecraft:damage_taken":10,"minecraft:walk_one_cm":9466,"minecraft:jump":133,"minecraft:damage_dealt":50,"minecraft:leave_game":1,"minecraft:time_since_death":4505,"minecraft:walk_on_water_one_cm":156,"minecraft:total_world_time":4505,"minecraft:interact_with_crafting_table":2,"minecraft:fall_one_cm":4071,"minecraft:fly_one_cm":27034},"minecraft:picked_up":{"minecraft:oak_log":7,"minecraft:oak_sapling":1,"minecraft:cobblestone":4},"minecraft:mined":{"minecraft:large_fern":1,"minecraft:oak_log":7,"minecraft:stone":4}},"DataVersion":3955}